timestamp,open,high,low,close,volume
2018-06-12,36.2800,36.8900,36.1900,36.8600,5507618
2018-06-08,36.2200,36.5300,35.9800,36.2800,10936555
2018-06-01,35.3900,36.1500,35.0400,36.0100,10903192
2018-05-25,35.5200,35.8900,35.0100,35.5600,10245782
2018-05-18,35.3700,35.4800,33.6000,35.1700,12630555
2018-05-11,34.7300,35.7700,33.7700,35.3200,15782280
2018-05-04,34.9300,35.0300,33.5100,34.7100,9406051
2018-04-27,34.5900,35.2000,34.1600,34.8800,9169912
2018-04-20,34.8100,35.2300,34.2620,34.5800,9294199
2018-04-13,33.4000,34.9100,33.2700,34.5100,13332709
2018-04-06,33.7200,34.1100,32.4500,33.1800,13644364
2018-03-29,33.7100,34.5800,33.2400,33.9000,9887077
2018-03-23,35.6400,35.8100,33.1100,33.2400,11751790
2018-03-16,37.1600,37.2500,35.5800,35.7900,14312140
2018-03-09,35.1100,37.1300,35.0450,37.1200,11194118
2018-03-02,35.5000,35.8200,34.9000,35.3200,15742532
2018-02-23,35.1400,35.4700,34.6750,35.4300,11769788
2018-02-16,33.6300,35.7400,33.6300,35.3400,12057562
2018-02-09,34.9400,35.0500,32.4700,33.4500,19954174
2018-02-02,35.7900,36.5600,34.5300,34.9700,15865706
2018-01-26,34.0800,35.9200,33.9800,35.9000,11942262
2018-01-19,34.2600,34.6100,33.9100,34.0700,8364356
2018-01-12,33.8900,34.2100,33.3500,34.0900,8349991
2018-01-05,33.4600,34.0800,33.1050,34.0300,8433491
2017-12-29,33.4400,33.7400,33.2500,33.2800,4306401
2017-12-22,33.9400,34.0800,33.4100,33.5200,6912625
2017-12-15,33.4300,33.8150,33.0100,33.7100,8799837
2017-12-08,33.4200,33.6500,32.9700,33.4800,9217923
2017-12-01,32.6900,33.2400,32.4000,33.1900,9488883
2017-11-24,32.4700,32.7900,32.2700,32.6300,5174514
2017-11-17,32.2900,32.6200,31.9700,32.5100,9282784
2017-11-10,32.5800,32.7300,32.0000,32.4500,7412135
2017-11-03,32.7400,32.9900,32.2300,32.6500,11412419
2017-10-27,34.1800,34.4100,31.4500,32.8700,14657479
2017-10-20,33.8700,34.1500,33.4100,34.1000,7326429
2017-10-13,33.8600,34.1650,33.3800,33.8800,6320607
2017-10-06,33.3600,33.9800,33.2500,33.8600,5262181
2017-09-29,32.6200,33.4050,32.4900,33.3800,8106626
2017-09-22,33.1700,33.3600,32.2700,32.6800,8938938
2017-09-15,33.4100,33.5800,32.8900,33.1000,7373689
2017-09-08,33.2500,33.4100,32.7600,33.1600,5409768
2017-09-01,32.6300,33.4300,32.4050,33.2600,7492368
2017-08-25,32.4000,32.6900,32.3300,32.5000,9893663
2017-08-18,32.2400,32.8700,32.0400,32.3700,12007630
2017-08-11,32.0000,32.5700,31.9100,31.9900,14899744
2017-08-04,31.0500,32.1500,30.7800,31.9900,21516022
2017-07-28,34.4300,35.1800,30.4500,30.9400,24226299
2017-07-21,34.4400,34.7700,33.9350,34.4200,12590351
2017-07-14,34.1400,34.6100,34.0600,34.4800,10533103
2017-07-07,34.5800,34.5800,33.7500,34.3400,9394164
2017-06-30,35.0600,35.2700,34.0600,34.4700,16701851
2017-06-23,31.9100,36.5400,31.5000,34.9800,32221365
2017-06-16,31.4700,32.4350,31.3700,31.6700,21588257
2017-06-09,31.9700,32.3200,31.2750,31.7100,12369436
2017-06-02,31.7200,32.2100,31.5200,32.1900,8608920
2017-05-26,31.2800,32.0100,31.0800,31.8200,13052145
2017-05-19,31.5500,31.8450,30.9200,31.2600,17102842
2017-05-12,32.6700,33.3500,31.3900,31.6100,14371492
2017-05-05,32.9300,33.1500,32.5300,32.6900,10130516
2017-04-28,32.2900,32.9100,32.0400,32.8300,9336820
2017-04-21,31.7800,32.2700,31.6200,31.9300,8831956
2017-04-13,31.8300,32.0400,31.6100,31.6500,7248494
2017-04-07,31.7800,32.0700,31.3000,31.8800,10953016
2017-03-31,31.7100,31.9800,31.4250,31.7200,8220187
2017-03-24,32.4300,32.5900,31.7898,31.8600,10951269
2017-03-17,32.3300,32.9050,32.1600,32.4300,17814660
2017-03-10,32.4200,32.9600,31.7400,32.4000,13142707
2017-03-03,32.5400,32.8900,32.0600,32.4800,10875151
2017-02-24,32.0700,32.6400,31.8578,32.6300,7901501
2017-02-17,31.9600,32.1100,31.3800,32.0900,9822311
2017-02-10,31.8200,31.9500,31.3000,31.7700,15616957
2017-02-03,31.0800,31.9800,30.6200,31.8600,17480905
2017-01-27,32.5400,33.1250,30.9200,31.1300,22097642
2017-01-20,33.0700,33.1000,32.4200,32.5700,9026066
2017-01-13,33.1200,33.4500,32.6500,33.0900,9661421
2017-01-06,32.0600,33.2900,31.8500,33.1900,9281337
2016-12-30,32.1300,32.4500,31.6800,31.7700,4115119
2016-12-23,32.1100,33.0400,31.9900,32.0500,9856970
2016-12-16,31.6300,32.9800,31.5000,32.0200,18260095
2016-12-09,31.2600,31.9450,30.8350,31.6800,12355969
2016-12-02,31.7300,32.7200,30.0100,31.0500,16378226
2016-11-25,31.1400,31.9350,30.9400,31.7800,6440563
2016-11-18,32.1900,32.3700,30.8446,31.0100,13537533
2016-11-11,31.1400,32.2300,30.7000,32.0700,12777415
2016-11-04,30.6900,31.1000,30.5200,30.6800,13117269
2016-10-28,32.4400,32.8900,30.4500,30.7400,12840747
2016-10-21,32.0300,32.8100,31.8600,32.2000,13459457
2016-10-14,33.1000,33.2600,32.0200,32.0800,9009759
2016-10-07,32.8800,33.4000,32.7600,32.9800,9249385
2016-09-30,32.4300,33.3700,32.3400,33.0800,9983641
2016-09-23,32.0600,33.0000,31.9900,32.6300,10937517
2016-09-16,32.8600,33.3600,31.3300,31.9500,20064717
2016-09-09,34.1100,34.3500,33.0400,33.0700,8267375
2016-09-02,34.0500,34.4000,33.6450,34.1900,10050354
2016-08-26,34.1000,34.3600,33.9000,34.0800,9312551
2016-08-19,34.2000,34.4800,33.7200,34.1600,8501855
2016-08-12,34.0900,34.4900,33.7500,34.2000,7105978
2016-08-05,34.6900,34.9900,33.5400,34.0500,14734739
2016-07-29,34.3800,34.7500,33.8300,34.6500,16155884
2016-07-22,34.1000,34.4200,33.8600,34.4000,9062472
2016-07-15,33.8000,34.4700,33.7800,34.1700,11540892
2016-07-08,32.7300,33.8000,32.3000,33.7700,9836532
2016-07-01,31.8100,32.8800,31.0800,32.7800,11604666
2016-06-24,32.9900,33.5800,31.9900,32.0000,11554104
2016-06-17,32.8300,33.0500,32.4200,32.7100,15072330
2016-06-10,32.5300,33.1200,32.5000,32.9900,10920562
2016-06-03,32.0700,32.8100,32.0000,32.5800,12090561
2016-05-27,31.3000,32.1900,30.9700,32.0700,16864182
2016-05-20,31.4900,31.7900,30.9200,31.3100,13941450
2016-05-13,29.6800,31.8225,29.5900,31.5300,18481450
2016-05-06,29.6700,29.8700,29.1200,29.7100,14762939
2016-04-29,30.1000,30.8700,29.4900,29.6600,14579768
2016-04-22,30.0800,30.8100,30.0100,30.1800,12496729
2016-04-15,30.1000,30.4600,29.8150,30.1400,13546422
2016-04-08,31.0500,31.1000,30.0099,30.0400,12464385
2016-04-01,30.8900,31.2400,30.3700,30.9900,13840819
2016-03-24,30.7700,31.2700,30.3801,30.7300,7093176
2016-03-18,30.3800,31.0500,29.9500,30.7400,15001820
2016-03-11,29.4200,30.5600,29.1900,30.5400,12930704
2016-03-04,29.3500,30.0800,29.2300,29.5600,11264129
2016-02-26,30.2300,30.2500,28.8199,29.3800,13968598
2016-02-19,27.7300,30.1500,27.5000,30.0100,18273174
2016-02-12,28.0000,28.4500,26.8550,27.7000,18814709
2016-02-05,28.4500,28.6200,27.2100,28.3200,21836627
2016-01-29,26.5500,28.9400,26.1500,28.7300,24447108
2016-01-22,26.7700,26.8900,25.1800,26.7300,13294248
2016-01-15,26.4800,27.2150,25.8750,26.5300,17559660
2016-01-08,28.0900,28.2700,26.3150,26.3500,15536000
2015-12-31,28.9200,29.4600,28.5600,28.5600,6488962
2015-12-24,28.3700,29.2200,27.9100,28.9700,8728310
2015-12-18,27.7100,28.6900,27.1600,28.2200,20369849
2015-12-11,28.9500,29.0300,27.0900,27.1500,14466965
2015-12-04,28.3000,29.1600,27.8300,29.0000,20848951
2015-11-27,28.2300,28.5100,27.9000,28.2000,7071140
2015-11-20,26.9300,28.5300,26.3300,28.2800,16440361
2015-11-13,27.3300,27.3500,26.3500,26.5300,11757601
2015-11-06,27.7000,28.0500,27.1800,27.4000,15067821
2015-10-30,27.8100,27.9400,27.2600,27.7100,13162662
2015-10-23,28.8300,28.8329,27.2600,27.7500,23844361
2015-10-16,29.0400,29.1000,28.2600,28.9200,10157430
2015-10-09,27.9700,29.0500,27.8300,29.0000,12018033
2015-10-02,27.2800,27.6900,26.5122,27.6800,13576134
2015-09-25,27.7300,27.9600,27.0100,27.3600,11848472
2015-09-18,27.7600,28.3600,27.0501,27.5700,10957757
2015-09-11,27.5700,28.2500,27.2100,27.7200,12382706
2015-09-04,27.0700,27.6700,26.4000,27.0700,18466960
2015-08-28,25.7200,27.4100,25.1562,27.2600,24398533
2015-08-21,29.3300,29.6900,27.3200,27.3300,13760415
2015-08-14,29.2400,29.6800,28.7500,29.3800,10719743
2015-08-07,29.0900,29.5400,28.4900,29.0800,13433965
2015-07-31,28.9500,29.5400,28.4501,29.1350,15895271
2015-07-24,30.5300,30.6700,28.9000,29.0800,19296789
2015-07-17,30.4600,30.8200,30.2100,30.5300,8556623
2015-07-10,29.2700,30.4900,28.9601,30.3400,12633366
2015-07-02,29.4800,29.7500,28.9600,29.5300,9817291
2015-06-26,30.2200,30.8800,29.7400,29.8900,11050550
2015-06-19,29.9300,30.6400,29.6400,30.4800,12953161
2015-06-12,29.6200,30.3300,29.2601,30.1400,12612579
2015-06-05,29.9700,30.3900,29.3200,29.6700,14919403
2015-05-29,30.9300,31.2500,30.3000,30.4500,10826437
2015-05-22,31.5400,31.9800,31.1900,31.3300,10711789
2015-05-15,31.4500,32.1100,30.6300,31.6900,13382484
2015-05-08,31.8300,32.2500,31.0200,31.6000,18916654
2015-05-01,32.1500,32.3400,31.6250,31.8500,10264936
2015-04-24,31.4200,32.4800,31.2501,32.2350,9509610
2015-04-17,31.4900,31.9100,30.7201,31.2000,13420189
2015-04-10,31.6900,32.5650,30.6500,31.5450,14095421
2015-04-02,32.4400,32.8350,31.1200,31.9300,10918514
2015-03-27,32.9400,33.4200,31.4900,32.2900,14216400
2015-03-20,31.7100,32.9950,31.0000,32.9000,19634486
2015-03-13,31.6600,31.9200,30.1700,31.3900,12260512
2015-03-06,32.5100,32.8400,31.6250,31.7100,15622117
2015-02-27,32.8500,33.3100,31.8100,32.5200,12054377
2015-02-20,32.4400,32.8490,32.2100,32.8300,8301145
2015-02-13,31.9600,32.6500,31.0000,32.6300,14086687
2015-02-06,30.4700,32.1200,29.8900,32.0300,17394500
2015-01-30,31.0100,31.1000,29.7400,30.3000,19804380
2015-01-23,31.8200,31.9200,29.8300,31.0100,22212174
2015-01-16,31.2400,31.9350,30.7000,31.3600,16857473
2015-01-09,30.5100,31.3500,30.1300,31.1150,19136383
2015-01-02,31.0800,31.2200,30.2800,30.6900,8740522
2014-12-26,30.7500,31.7300,30.6500,31.2100,5895927
2014-12-19,30.0400,31.1900,28.8300,30.9150,17928448
2014-12-12,30.8300,30.9200,29.8600,29.8600,13598934
2014-12-05,30.9700,31.4100,30.6900,30.8200,16733469
2014-11-28,30.6000,31.2400,30.6000,31.1500,10453595
2014-11-21,29.8200,30.8500,29.7500,30.6300,13249246
2014-11-14,30.0500,30.2200,29.2900,29.9450,11584451
2014-11-07,29.0500,30.0650,29.0300,30.0500,11069196
2014-10-31,28.4200,29.2900,28.0500,29.0600,14239870
2014-10-24,26.1900,28.4500,26.0700,28.4300,25907607
2014-10-17,25.9900,26.6100,25.2500,26.3500,22163930
2014-10-10,27.5200,27.7300,25.9000,25.9000,13791198
2014-10-03,27.7000,28.0000,26.8200,27.4600,12085774
2014-09-26,28.4500,28.4800,27.6600,27.8900,11234894
2014-09-19,28.4900,28.8600,28.1000,28.4800,8811900
2014-09-12,29.1200,29.3600,28.3700,28.5000,9352700
2014-09-05,28.2400,29.4699,28.1050,29.2200,16049100
2014-08-29,28.3600,28.4600,27.8700,28.2400,6200600
2014-08-22,28.4600,28.5300,28.1300,28.2400,7823900
2014-08-15,28.8700,28.8700,28.1400,28.3600,7666000
2014-08-08,28.3400,28.8600,28.0550,28.5500,8966700
2014-08-01,29.5000,29.7100,28.4150,28.4700,11877500
2014-07-25,28.3800,29.7800,28.1100,29.5300,15148400
2014-07-18,28.3400,28.7300,28.0300,28.4200,13266700
2014-07-11,29.3400,29.4800,27.8400,27.9800,16448500
2014-07-03,28.7100,29.4200,28.5400,29.3600,9780000
2014-06-27,28.8400,28.9500,28.3800,28.5500,13020400
2014-06-20,28.8200,29.4000,28.5300,28.7300,12880000
2014-06-13,29.2900,29.3400,28.3000,28.9400,14956200
2014-06-06,28.7800,29.4700,28.1000,29.3500,15138300
2014-05-30,29.1000,29.3650,28.5400,28.6900,13959800
2014-05-23,28.9000,29.4300,28.8500,29.1900,13134500
2014-05-16,29.5300,30.2500,28.6900,28.9900,15830900
2014-05-09,29.7800,29.9600,29.0500,29.4100,12944000
2014-05-02,30.1800,30.5500,29.4550,29.9100,12897500
2014-04-25,30.5700,31.1000,29.9400,29.9500,7959700
2014-04-17,29.5300,30.5100,29.4100,30.4100,12073200
2014-04-11,31.1000,31.5500,29.4100,29.4100,19676000
2014-04-04,31.0300,31.9900,30.8700,31.0800,14825700
2014-03-28,31.1400,31.2600,30.2650,30.8400,15658900
2014-03-21,31.5600,32.6900,31.0500,31.1100,18930600
2014-03-14,32.9400,33.0000,31.4700,31.4800,16699400
2014-03-07,33.3200,33.6200,32.7400,32.9300,10216900
2014-02-28,32.5800,33.7000,32.3000,33.5000,13185300
2014-02-21,32.6200,33.0000,32.2300,32.4200,12072700
2014-02-14,32.0800,33.1500,31.8600,32.9900,14432700
2014-02-07,32.0000,32.6350,30.7548,32.1700,15238600
2014-01-31,32.2800,32.5900,31.8100,32.0900,17756600
2014-01-24,34.5500,36.2160,32.6600,32.6600,18809600
2014-01-17,33.9700,34.5200,33.3200,34.4300,16855500
2014-01-10,32.9200,34.0200,32.7750,34.0200,11109000
2014-01-03,33.4000,33.7900,33.0000,33.1100,5928300
2013-12-27,33.1900,33.6100,33.0300,33.4300,7932600
2013-12-20,32.4000,33.1900,31.6100,32.9300,17375700
2013-12-13,32.9300,33.2000,32.1850,32.3400,12927000
2013-12-06,32.9700,33.0980,32.3200,32.8500,12588800
2013-11-29,33.3200,33.3700,32.8100,33.0000,6734800
2013-11-22,32.9000,33.1400,32.2100,33.1300,12597800
2013-11-15,31.9700,33.1000,31.8100,32.8500,13287600
2013-11-08,31.7900,32.2500,31.4150,31.9300,14627200
2013-11-01,31.2100,32.0600,31.0200,31.7250,13111200
2013-10-25,30.0400,32.9500,30.0300,31.4000,14783300
2013-10-18,29.3400,30.2400,28.7900,30.1000,11816000
2013-10-11,29.2600,29.6200,28.5550,29.5200,10040300
2013-10-04,29.8300,30.0100,29.0800,29.5700,12742800
2013-09-27,30.5200,30.7900,29.9400,30.0600,10208600
2013-09-20,30.6700,30.9950,30.3700,30.7200,12588200
2013-09-13,29.6500,30.9800,29.6500,30.3900,14443900
2013-09-06,29.7100,29.7400,29.0300,29.6000,8575700
2013-08-30,30.1600,30.2500,29.1900,29.2500,11421400
2013-08-23,30.4500,30.6203,29.6800,30.2400,13685100
2013-08-16,30.8800,31.4300,30.5400,30.5450,13134600
2013-08-09,30.4200,31.0700,30.2300,30.9800,12754000
2013-08-02,29.6400,30.4400,29.5400,30.3900,13240300
2013-07-26,29.9200,30.3000,29.2600,29.6800,17077400
2013-07-19,29.9000,30.0000,29.2700,29.6500,15571300
2013-07-12,28.6000,29.9700,28.4900,29.9200,13703400
2013-07-05,29.0000,29.0000,27.7500,28.2600,10006700
2013-06-28,27.3800,28.9200,27.1400,28.6200,25170500
2013-06-21,28.3900,28.7300,27.2400,27.5200,17811400
2013-06-14,29.2500,29.3200,28.1250,28.2600,19503900
2013-06-07,27.3000,29.8300,27.0900,29.1400,27204200
2013-05-31,27.6500,27.9600,27.0750,27.3200,15474800
2013-05-24,27.6100,27.8500,26.9200,27.4000,17672700
2013-05-17,26.8000,27.6900,26.7900,27.6900,19088700
2013-05-10,27.8200,27.8900,25.7700,27.2200,27231500
2013-05-03,26.0300,27.9400,25.9900,27.7300,18198000
2013-04-26,24.4600,26.2000,24.3000,25.9800,14060200
2013-04-19,24.9100,25.0300,24.1175,24.3600,15534500
2013-04-12,24.2600,25.0900,24.0100,24.9300,14900900
2013-04-05,25.2300,25.2300,24.1600,24.6000,13563000
2013-03-28,25.4200,25.4800,24.7700,25.1800,9836900
2013-03-22,25.1800,25.4180,24.6600,25.3200,15619700
2013-03-15,24.9700,25.5600,24.8100,25.4400,13337900
2013-03-08,24.4300,25.2400,24.2300,25.0800,11859200
2013-03-01,24.7900,24.8800,23.9750,24.4200,15497600
2013-02-22,24.8400,25.1700,24.3200,24.5600,12205000
2013-02-15,25.1300,25.3600,24.7000,25.0500,27892300
2013-02-08,25.1000,25.2350,24.5000,25.0200,24169900
2013-02-01,25.0700,25.2000,24.6500,25.0300,19596000
2013-01-25,24.6300,25.5700,24.2400,25.0500,20032200
2013-01-18,23.3900,24.5800,23.3500,24.5700,23867600
2013-01-11,23.0500,23.3400,22.5000,23.3400,15485900
2013-01-04,21.7900,23.2100,21.6700,23.0500,16768400
2012-12-28,22.3400,22.4300,21.6800,21.7900,10414200
2012-12-21,21.8700,22.6600,21.7900,22.1900,33422100
2012-12-14,21.9300,22.3100,21.7500,21.8600,22261700
2012-12-07,22.3200,22.3350,21.7000,22.0250,18754600
2012-11-30,22.0300,22.4300,21.8400,22.1600,16568600
2012-11-23,22.0900,23.1300,21.7700,22.1000,10891500
2012-11-16,22.2500,22.3950,21.4810,21.8100,22123800
2012-11-09,22.7800,23.0900,22.0500,22.2100,43605800
2012-11-02,22.6700,23.4100,22.3900,22.9700,14996800
2012-10-26,24.6100,24.9200,22.4950,22.7300,28922700
2012-10-19,24.9500,25.4800,24.4400,24.5101,11669700
2012-10-12,25.3700,25.4550,24.8300,24.8600,16287200
2012-10-05,25.9400,25.9800,25.1400,25.4500,17908500
2012-09-28,26.7000,26.8400,25.5900,25.7650,15086900
2012-09-21,27.2200,27.3000,26.5550,26.7700,22937600
2012-09-14,26.8900,27.5800,26.6200,27.3100,16028600
2012-09-07,25.9100,26.9250,25.7810,26.8300,13137100
2012-08-31,25.8900,26.0800,25.6300,26.0300,13663700
2012-08-24,25.9400,26.2000,25.5200,25.8000,16191800
2012-08-17,25.5800,25.9800,25.1400,25.9400,14434400
2012-08-10,24.7900,25.6900,24.6800,25.5600,16768400
2012-08-03,24.4300,24.8500,23.9401,24.7900,32186200
2012-07-27,25.7100,26.4000,23.9100,24.4250,31613200
2012-07-20,25.8000,26.7300,25.4800,26.0500,15484700
2012-07-13,26.3700,26.5000,25.2800,25.8800,12238100
2012-07-06,27.2300,27.2400,26.1900,26.3700,9878900
2012-06-29,25.9900,27.0900,25.6150,27.0900,17441800
2012-06-22,26.2300,26.7350,25.9600,26.1300,17894500
2012-06-15,25.6800,26.3500,25.0200,26.3100,23267200
2012-06-08,24.4200,25.9800,24.2900,25.4700,25725200
2012-06-01,25.2500,25.6550,24.3600,24.3900,23350200
2012-05-25,24.9600,25.3800,24.6100,25.1200,35832800
2012-05-18,25.7800,26.5300,24.9200,24.9700,36910400
2012-05-11,26.0900,26.6100,25.8700,26.1200,61580000
2012-05-04,26.5400,26.9300,26.1950,26.2900,23397500
2012-04-27,26.3500,26.9400,26.1900,26.5400,16275400
2012-04-20,26.9500,27.1700,26.3600,26.5600,22558600
2012-04-13,26.9000,26.9400,26.3100,26.7500,16932200
2012-04-05,27.6400,27.8600,26.9800,27.2600,11596800
2012-03-30,27.5100,28.0000,27.3700,27.5600,17238700
2012-03-23,27.1500,27.6600,26.8300,27.3500,15964600
2012-03-16,27.0900,27.7300,26.9900,27.2300,17153900
2012-03-09,27.0300,27.1400,26.3700,27.0000,13795000
2012-03-02,26.7900,27.3400,26.5900,27.0500,16561700
2012-02-24,26.9600,27.3300,26.7100,26.9300,13782200
2012-02-17,26.8600,27.4200,26.6800,26.9800,18535300
2012-02-10,26.5700,27.1300,26.3800,26.7150,18467600
2012-02-03,25.2000,26.7800,25.0700,26.5350,27087000
2012-01-27,22.5900,26.2100,22.3300,25.4200,46072300
2012-01-20,21.3200,22.7300,21.3100,22.6500,12213100
2012-01-13,20.5700,22.0100,20.4900,21.5100,15434000
2012-01-06,20.5700,20.8000,20.0000,20.5700,10207500
2011-12-30,20.3700,20.5200,19.9800,20.2150,6224900
2011-12-23,20.2200,20.8150,19.8000,20.4000,17001600
2011-12-16,21.2400,21.4400,19.8700,20.1200,22929300
2011-12-09,21.4300,21.7700,20.9350,21.4100,14427900
2011-12-02,20.2800,21.4500,20.1500,21.0300,16624500
2011-11-25,20.2500,20.3700,19.5400,19.8000,15304000
2011-11-18,21.8300,21.9100,20.2200,20.4400,16099600
2011-11-11,21.6000,22.3400,21.0900,21.8700,15119500
2011-11-04,22.0400,22.1700,20.9000,21.6800,17961700
2011-10-28,21.9600,22.5500,21.3400,22.2100,24693400
2011-10-21,21.7300,22.0000,20.9800,21.9650,19020700
2011-10-14,21.0300,21.9400,20.9700,21.7400,19205900
2011-10-07,19.2300,21.0500,18.6700,20.7200,26035200
2011-09-30,20.0000,20.9000,19.4100,19.4100,24521300
2011-09-23,20.9300,21.6100,19.5800,19.9450,21859700
2011-09-16,19.6500,21.5100,19.4100,21.2500,21737400
2011-09-09,19.6900,20.4800,19.3750,19.7100,15126200
2011-09-02,20.1100,21.2800,20.0500,20.1500,17112400
2011-08-26,19.0000,20.0100,18.6900,19.9200,23513800
2011-08-19,20.1900,20.5900,18.6050,18.6200,25608500
2011-08-12,20.0800,20.4450,18.9200,20.0900,45211100
2011-08-05,22.5800,22.6300,19.8500,20.4500,27622800
2011-07-29,22.6200,22.9000,21.9850,22.3000,26851200
2011-07-22,21.8600,22.8400,21.4500,22.7700,29188800
2011-07-15,23.0400,23.2400,21.7300,21.9800,26671600
2011-07-08,23.0900,23.4950,22.7700,23.1800,13826700
2011-07-01,21.9200,23.1800,21.8300,23.1700,17089300
2011-06-24,21.5700,22.3000,21.5100,21.9100,29981700
2011-06-17,21.5300,21.8200,21.2200,21.5900,23128500
2011-06-10,22.5600,22.6500,21.5000,21.5100,28666600
2011-06-03,23.0500,23.5300,22.5400,22.5700,25372200
2011-05-27,22.8400,22.9700,22.5200,22.8900,20644200
2011-05-20,23.0300,23.3000,22.6300,23.1800,28273800
2011-05-13,24.3100,25.1200,22.3200,22.9000,31548800
2011-05-06,24.6800,24.9500,24.2000,24.3700,19823600
2011-04-29,24.1500,24.9800,24.0300,24.5900,16469200
2011-04-21,23.9000,24.3200,23.4700,24.1600,12061900
2011-04-15,24.1600,24.3600,23.6500,24.1800,12618700
2011-04-08,24.1300,24.3700,23.6800,24.0500,15291200
2011-04-01,23.8500,24.3100,23.5500,24.1300,16889000
2011-03-25,23.1500,24.0050,22.8100,23.7500,19960800
2011-03-18,22.9800,23.3000,22.2300,22.8700,34751400
2011-03-11,24.5100,24.6700,22.9300,23.0800,29248700
2011-03-04,24.7800,24.9300,23.9100,23.9775,19476700
2011-02-25,25.0200,25.2400,24.0300,24.7400,14549500
2011-02-18,25.0300,25.5200,24.4600,25.2100,18243300
2011-02-11,24.5300,25.2300,24.5000,25.0000,17673900
2011-02-04,23.4400,24.9100,23.4300,24.5300,29404900
2011-01-28,25.2900,25.6800,23.1200,23.3800,42116200
2011-01-21,25.2100,25.6200,25.1700,25.3100,13770700
2011-01-14,24.4800,25.2500,24.2700,25.2400,11792000
2011-01-07,24.7100,25.1000,24.4100,24.6400,15138000
2010-12-31,24.6700,24.8500,24.2100,24.4400,7040200
2010-12-23,25.0500,25.0700,24.3300,24.6700,9638300
2010-12-17,24.2000,25.0800,23.9600,24.8900,19682800
2010-12-10,24.1100,24.3900,23.8400,24.1400,13576000
2010-12-03,23.0600,24.2650,22.6602,24.1475,17383300
2010-11-26,23.0000,23.8900,22.8700,23.3400,13447800
2010-11-19,23.1900,23.6200,22.6300,23.1600,14812300
2010-11-12,23.3700,23.7700,22.9200,23.1500,16711500
2010-11-05,23.3000,23.6000,23.0400,23.4600,15247700
2010-10-29,23.0000,23.2400,22.5200,23.2000,20212000
2010-10-22,22.1100,23.0400,21.5500,22.8700,21318200
2010-10-15,21.9300,22.1700,21.4500,22.1700,23697100
2010-10-08,21.2600,22.1700,21.0800,21.8200,23947700
2010-10-01,21.2100,21.6300,20.6200,21.2500,17459900
2010-09-24,20.5700,21.1500,20.4000,21.1500,19980800
2010-09-17,19.9000,20.5700,19.7600,20.4400,16398611
2010-09-10,19.0100,19.9000,18.9900,19.7800,18143200
2010-09-03,18.1700,19.0900,17.7000,19.0900,20858500
2010-08-27,18.4200,18.6500,17.8200,18.3000,20790800
2010-08-20,18.1800,18.9500,18.0400,18.3500,18215200
2010-08-13,19.9300,19.9400,18.1300,18.3200,18708200
2010-08-06,19.7300,20.0100,19.4300,19.8200,16931400
2010-07-30,19.3400,19.9000,19.0900,19.5600,21318200
2010-07-23,19.0700,19.4500,18.6300,19.3800,29334000
2010-07-16,18.7200,19.5900,18.6400,19.0000,31602000
2010-07-09,18.1400,18.7900,17.8600,18.7700,22704400
2010-07-02,19.5000,19.5600,17.8000,17.9600,33365300
2010-06-25,20.3000,20.5300,19.1050,19.4600,22853000
2010-06-18,19.7800,20.4200,19.5900,20.1100,22130900
2010-06-11,19.4800,19.7325,18.7900,19.6600,23139900
2010-06-04,20.0900,20.4000,19.0400,19.4125,22080900
2010-05-28,19.8500,20.4000,19.1900,20.2500,27948400
2010-05-21,20.5200,20.9700,19.3100,19.8900,36785400
2010-05-14,21.0300,22.2800,19.7950,20.5100,47059600
2010-05-07,22.8600,23.1000,20.0800,20.4900,41969400
2010-04-30,23.5000,23.7800,22.8100,22.8200,22733700
2010-04-23,22.8300,23.7400,22.6100,23.5400,20453600
2010-04-16,23.0000,23.2800,22.7200,22.8400,17591300
2010-04-09,23.3800,23.9100,22.4900,22.9400,37423000
2010-04-01,23.3200,23.7000,23.0900,23.2900,12430800
2010-03-26,23.4000,23.8900,23.2400,23.4100,21449800
2010-03-19,22.9300,23.7500,22.7000,23.4500,19226600
2010-03-12,22.8200,22.9900,22.4100,22.7800,23694100
2010-03-05,22.5900,23.0000,22.4450,22.8400,19849000
2010-02-26,22.5500,22.7500,21.9800,22.5000,17081400
2010-02-19,21.6500,22.7400,21.5600,22.5100,14130200
2010-02-12,21.7300,21.9100,21.2200,21.5900,18030900
2010-02-05,22.1000,22.2300,21.3400,21.7100,28362300
2010-01-29,22.7400,22.9100,21.9000,22.0400,31028700
2010-01-22,23.3200,23.8650,22.7500,22.8000,26655700
2010-01-15,23.1000,23.7500,22.4800,23.2900,20387300
2010-01-08,22.8900,23.1500,22.6100,23.1100,16816500
2009-12-31,23.2800,23.3400,22.4500,22.4600,14898400
2009-12-24,22.6300,23.2400,22.5600,23.2100,14684500
2009-12-18,23.0000,23.2500,22.4100,22.5100,44128000
2009-12-11,22.4300,22.9900,21.7800,22.8300,17167800
2009-12-04,21.9000,22.7400,21.7300,22.6500,18656200
2009-11-27,22.0900,22.5900,21.5600,22.0000,14309600
2009-11-20,22.1200,22.4100,21.7700,21.8600,20480000
2009-11-13,21.6000,22.3600,21.4800,22.1000,19804100
2009-11-06,20.8600,21.6400,20.6240,21.5200,21848600
2009-10-30,21.4000,21.7200,20.6000,20.9200,37481300
2009-10-23,23.7000,24.1500,21.0800,21.6100,39154300
2009-10-16,22.7100,23.8800,22.5200,23.7100,20939800
2009-10-09,21.4100,22.8100,21.2200,22.7900,16918800
2009-10-02,21.6200,22.4500,21.1600,21.3900,22662500
2009-09-25,22.4600,22.6100,21.6000,21.6700,21097900
2009-09-18,22.4500,22.8500,22.0200,22.5100,29424700
2009-09-11,21.4600,22.6300,21.4000,22.5900,26818700
2009-09-04,22.4300,22.6900,20.0400,21.4500,54327600
2009-08-28,22.9900,23.2900,22.2700,22.6000,22053000
2009-08-21,22.0300,23.0100,21.7000,22.9900,23194000
2009-08-14,21.8900,22.7950,21.7400,22.5600,26638800
2009-08-07,21.1800,22.1800,21.1800,21.9900,33408400
2009-07-31,20.5700,21.5800,20.1600,21.1400,34346100
2009-07-24,17.9900,21.1350,17.8099,20.6400,39113400
2009-07-17,16.4500,18.1300,16.1200,18.0300,25730200
2009-07-10,16.8400,16.9300,16.1400,16.4400,23766800
2009-07-02,17.2300,17.6000,16.8000,16.8500,15264900
2009-06-26,16.8800,17.6500,16.8100,17.2100,31971600
2009-06-19,17.5100,17.5900,16.8600,17.2200,26309400
2009-06-12,17.5492,18.0900,17.2900,17.7300,21017800
2009-06-05,17.5000,18.2000,17.3100,17.5100,22392400
2009-05-29,16.7500,17.4900,16.7200,17.4500,30088800
2009-05-22,18.0600,18.2100,17.0900,17.2600,26837100
2009-05-15,17.3200,18.6000,17.0300,18.0400,32175500
2009-05-08,17.6700,17.8700,17.1000,17.5300,28697400
2009-05-01,17.7800,18.1100,16.9800,17.5800,30270200
2009-04-24,17.0800,18.2200,16.6600,18.1300,30186700
2009-04-17,17.9000,18.1200,16.9400,17.9500,25593700
2009-04-09,17.2000,18.0800,17.1800,18.0800,24340700
2009-04-03,17.1700,18.4800,16.8300,18.1700,33911800
2009-03-27,16.7250,17.8800,16.0600,17.2100,34575400
2009-03-20,17.4300,17.4300,15.6900,15.9500,39857400
2009-03-13,15.9600,17.2900,15.5600,16.9000,27794800
2009-03-06,16.6000,17.1000,15.1300,16.0100,43234100
2009-02-27,17.1700,17.5600,16.1700,16.9500,37243200
2009-02-20,17.8000,18.2700,16.8500,17.4600,28874300
2009-02-13,18.4800,18.7900,17.8200,18.6500,31673700
2009-02-06,17.7800,18.7050,17.5350,18.5600,32901700
2009-01-30,17.3400,18.5200,17.1000,17.9900,34405100
2009-01-23,18.1400,18.4200,16.9100,17.4400,24134500
2009-01-16,18.7461,18.7500,17.4350,18.0000,27511400
2009-01-09,18.7100,19.1800,17.6700,18.4200,27413400
2009-01-02,17.9700,18.9800,17.3000,18.9000,15013400
2008-12-26,18.7000,18.7000,17.6100,18.0200,13739400
2008-12-19,17.1100,18.8800,16.8700,18.1300,38688800
2008-12-12,16.1300,17.7300,15.7500,17.4500,28580900
2008-12-05,16.4600,16.5200,14.5900,16.0600,30158800
2008-11-28,15.3000,16.8700,14.6400,16.8400,21202100
2008-11-21,16.6500,16.9600,13.6800,14.9600,40940800
2008-11-14,17.7300,17.8500,14.7600,17.0200,31856100
2008-11-07,17.7600,18.0800,16.0100,16.8900,26053200
2008-10-31,14.3500,18.1500,14.0000,17.8000,34062100
2008-10-24,16.0600,17.3500,12.0000,14.6500,34540900
2008-10-17,16.1400,18.2100,13.8800,15.9000,39080200
2008-10-10,19.6200,19.9400,14.9500,15.8400,48736900
2008-10-03,20.7100,21.0900,18.3089,19.3700,30708100
2008-09-26,21.6200,22.0000,20.4100,21.0000,23747200
2008-09-19,21.4300,22.4100,20.1600,21.9300,35865500
2008-09-12,22.4000,22.5000,21.3300,21.7000,24586500
2008-09-05,24.2900,24.6600,21.8600,22.1000,22727800
2008-08-29,24.3200,24.4900,23.4900,23.9100,15577000
2008-08-22,24.5600,24.6600,23.4000,24.4800,18752400
2008-08-15,23.8900,24.6700,23.4900,24.6300,14863130
2008-08-08,22.3600,24.2900,21.9600,23.8700,23479374
2008-08-01,23.2500,24.3400,21.9200,22.2900,29452200
2008-07-25,23.6500,24.3400,22.7500,23.4100,26493200
2008-07-18,22.1600,23.9500,21.4200,23.7300,37370600
2008-07-11,22.3500,22.7300,21.8800,22.1500,21896700
2008-07-03,23.1850,23.3900,22.1700,22.2800,14791700
2008-06-27,23.5400,24.4800,22.9500,23.2800,26059300
2008-06-20,23.8500,24.4000,23.4500,23.5300,22342400
2008-06-13,24.9300,25.2000,23.6900,24.1200,19827200
2008-06-06,26.4200,26.5200,24.8200,24.9400,21739900
2008-05-30,25.2200,26.6800,24.7000,26.5400,21911100
2008-05-23,24.8900,25.9800,23.5000,25.1000,32660800
2008-05-16,22.7200,25.0400,22.6250,25.0000,31971100
2008-05-09,22.8600,23.5000,22.4100,22.6800,11186700
2008-05-02,22.5400,23.1700,21.8500,22.8600,13788300
2008-04-25,22.9600,23.0700,22.1200,22.6600,8630200
2008-04-18,21.7400,23.0800,21.5400,23.0400,10251400
2008-04-11,23.4500,23.6800,21.7300,21.7900,13665800
2008-04-04,22.5900,23.4100,22.3800,23.2400,13548600
2008-03-28,22.4900,23.3400,22.4200,22.5300,13664800
2008-03-20,21.5400,22.7600,21.5400,22.3600,11173200
2008-03-14,22.2000,23.0300,21.7300,22.0700,17739600
2008-03-07,22.6100,23.1000,21.9500,22.2100,13936800
2008-02-29,23.3400,23.9000,22.6900,22.8800,13800200
2008-02-22,23.9900,24.0500,22.9100,23.3000,12899100
2008-02-15,24.0400,24.9100,23.5300,23.7500,14424900
2008-02-08,26.3000,26.6200,23.6500,24.0700,24153200
2008-02-01,22.0100,26.5400,21.5800,26.3100,28638700
2008-01-25,21.6700,22.5000,20.2100,21.9400,19195200
2008-01-18,22.7000,22.9300,21.5700,22.2200,19469700
2008-01-11,23.9000,23.9300,22.3300,22.4800,17873500
2008-01-04,25.2800,25.2900,23.6100,23.7700,14173100
2007-12-28,25.6400,26.1000,25.2500,25.3900,7136000
2007-12-21,26.3500,26.4600,25.2700,25.7200,18377300
2007-12-14,26.4200,26.8700,25.7500,26.4600,18064000
2007-12-07,24.4800,26.7400,24.4500,26.3800,14680700
2007-11-30,24.6000,25.2500,24.0200,24.4900,13746900
2007-11-23,25.4400,25.8400,24.2700,24.6500,13490400
2007-11-16,25.7300,25.7400,25.1300,25.6500,21384000
2007-11-09,24.9100,27.2400,24.9100,25.7300,22282400
2007-11-02,25.6500,28.1100,25.6000,27.1800,20246100
2007-10-26,25.4100,25.8700,25.0800,25.4600,9982800
2007-10-19,26.6700,26.7000,25.5500,25.6000,10112400
2007-10-12,26.6400,26.9800,25.9000,26.7000,9636900
2007-10-05,25.7900,26.1200,25.5200,26.0200,7021300
2007-09-28,25.8700,26.1900,25.2800,25.7200,12286100
2007-09-21,24.5100,25.9800,24.3400,25.9500,18230700
2007-09-14,24.6400,25.2100,24.3900,24.6500,12279800
2007-09-07,25.2800,25.7000,24.9100,25.1400,9252800
2007-08-31,24.9900,25.4500,24.4000,25.1900,14943400
2007-08-24,23.8100,25.1200,23.6500,24.9400,11979400
2007-08-17,24.3000,25.4100,22.8600,23.7300,16582700
2007-08-10,25.4700,26.1400,23.0600,24.1400,17889600
2007-08-03,25.2500,26.3800,24.5900,25.3200,19972800
2007-07-27,26.7300,26.9800,25.2200,25.2300,14016300
2007-07-20,25.8700,26.8700,25.8400,26.5500,9937300
2007-07-13,25.7100,26.1400,25.3200,26.0000,7746900
2007-07-06,25.6700,25.9900,25.2800,25.8200,6169700
2007-06-29,25.7500,26.0100,25.4200,25.8300,12195200
2007-06-22,25.6800,26.4500,25.4200,25.7600,31884600
2007-06-15,25.5100,26.1000,24.7200,25.8500,9780900
2007-06-08,26.0000,26.2000,25.1300,25.6300,12844100
2007-06-01,25.9100,26.6900,25.6000,26.1900,22157300
2007-05-25,27.7700,28.4200,25.3200,26.0100,28911500
2007-05-18,27.9700,28.0900,27.2900,27.6000,12022200
2007-05-11,28.3000,28.4600,27.7600,28.0100,7685900
2007-05-04,27.3000,28.3200,27.0100,28.1600,13626700
2007-04-27,27.0500,27.7700,26.5100,27.3000,12149400
2007-04-20,26.3400,26.7700,26.2500,26.6500,7096200
2007-04-13,26.3400,27.0000,25.8600,26.3500,6829400
2007-04-05,25.9900,26.3500,25.6300,26.3500,6405100
2007-03-30,26.7700,26.8300,25.7000,25.9100,8738600
2007-03-23,25.2600,27.0300,25.2600,26.7700,10998700
2007-03-16,25.2600,25.8400,24.6500,25.2200,8018900
2007-03-09,25.2800,25.6900,25.0100,25.3900,10771000
2007-03-02,27.0100,27.2300,25.4700,25.4900,11785900
2007-02-23,26.8100,27.4600,26.7900,27.0200,5835100
2007-02-16,26.6900,27.0400,26.4800,26.8100,7247800
2007-02-09,26.5900,27.0000,26.4000,26.6900,9661000
2007-02-02,24.6700,27.2700,24.2400,26.6900,18338000
2007-01-26,24.4300,24.7000,24.1200,24.6600,11039000
2007-01-19,24.6500,25.7700,24.3300,24.4100,13787800
2007-01-12,23.9600,25.1800,23.7500,24.8600,14128700
2007-01-05,22.9800,24.5100,22.9800,24.0400,12814200
2006-12-29,22.7100,23.3500,22.6200,22.6500,5381200
2006-12-22,22.7800,22.9700,22.4400,22.7300,10248500
2006-12-15,22.3500,23.0000,22.1700,22.8000,9059100
2006-12-08,21.6000,22.8200,21.5800,22.3500,13328000
2006-12-01,22.2000,22.2000,21.2900,21.5000,10130100
2006-11-24,22.3500,22.4300,22.0000,22.2200,8191300
2006-11-17,23.2500,23.3900,22.3900,22.4500,10575000
2006-11-10,22.9100,23.5000,22.4400,23.3800,13581400
2006-11-03,24.3700,25.4900,22.3400,22.9100,21600500
2006-10-27,25.0200,25.1900,24.0800,24.5100,10333200
2006-10-20,23.8900,25.1500,23.7600,25.0800,10306700
2006-10-13,23.8200,24.1500,23.4400,23.8800,6919200
2006-10-06,23.6300,23.9900,23.5600,23.9500,10076100
2006-09-29,23.2072,23.8500,23.0600,23.6900,9616900
2006-09-22,23.3800,23.8100,22.7100,23.0500,10264300
2006-09-15,23.4000,24.4600,23.2500,23.5000,21905200
2006-09-08,23.5400,23.7500,23.3300,23.5700,6672000
2006-09-01,23.4500,23.7800,23.2900,23.5800,6062100
2006-08-25,23.7000,23.8400,23.3300,23.3800,9722400
2006-08-18,21.7100,24.0000,21.6600,23.8700,23249000
2006-08-11,21.8000,22.0000,21.3900,21.6600,9088000
2006-08-04,20.5200,22.1800,20.4300,21.8300,17422500
2006-07-28,19.5600,20.6600,19.5600,20.3500,8314500
2006-07-21,19.1500,19.9300,18.9700,19.5600,10712300
2006-07-14,20.1600,20.3600,18.9700,19.2100,18275900
2006-07-07,20.4200,20.5400,20.0400,20.1800,9788600
2006-06-30,20.8900,21.3000,19.6900,20.5500,23018200
2006-06-23,21.4100,21.5700,20.6520,20.8900,8549700
2006-06-16,21.5700,21.7800,20.5800,21.3600,16358000
2006-06-09,21.1500,22.0500,21.1000,21.8700,18332000
2006-06-02,21.0000,22.0000,20.8000,21.6300,31940000
2006-05-26,22.1000,22.4500,21.8900,22.1600,15571800
2006-05-19,24.2000,24.2100,21.9900,22.2500,31177700
2006-05-12,25.6500,25.8600,24.4200,24.4300,10019800
2006-05-05,25.3600,25.9500,25.0900,25.6000,12579300
2006-04-28,25.7600,25.7700,24.3700,25.3600,28161600
2006-04-21,26.4800,26.5700,25.2800,25.7600,14802900
2006-04-13,26.7800,26.9400,26.2700,26.5000,5492700
2006-04-07,27.2300,27.3400,26.7500,26.8000,10711800
2006-03-31,27.3000,27.3500,26.9500,27.2100,10478900
2006-03-24,27.5500,27.8800,27.0300,27.2100,8915900
2006-03-17,27.4200,27.6800,27.0600,27.6600,9328500
2006-03-10,26.9900,27.6200,26.5800,27.5100,7553200
2006-03-03,27.0100,27.3500,26.8500,27.0000,7029200
2006-02-24,27.0200,27.4500,26.8500,27.0400,4715500
2006-02-17,27.0200,27.3500,26.6800,27.0800,8442800
2006-02-10,27.2400,27.2800,26.7600,27.0700,9291100
2006-02-03,27.4400,29.5000,27.1000,27.2800,10917300
2006-01-27,29.0100,29.2600,27.3800,27.4500,19281000
2006-01-20,29.0100,29.2900,28.6900,29.0100,8886900
2006-01-13,28.7100,29.5000,28.5900,29.3600,21714700
2006-01-06,28.1200,28.6700,27.6700,28.6400,7469400
2005-12-30,28.5900,28.7400,28.0600,28.1900,4095100
2005-12-23,28.9100,28.9200,28.2000,28.5200,6742600
2005-12-16,28.8600,29.7100,28.7000,29.0300,9470600
2005-12-09,29.0100,29.0600,28.3600,28.8600,6117100
2005-12-02,28.8500,29.3400,28.2000,29.1800,8118700
2005-11-25,28.4500,29.0000,28.1200,28.8200,4007300
2005-11-18,29.1400,29.2900,28.2700,28.4400,7288300
2005-11-11,29.0700,29.3800,28.7000,29.1400,5590600
2005-11-04,27.8500,29.1700,27.7400,28.9600,12385000
2005-10-28,27.0200,28.8400,27.0200,27.8400,16153300
2005-10-21,26.8200,27.0800,26.1900,26.8000,8156100
2005-10-14,26.8100,27.2300,26.1400,26.8700,12644800
2005-10-07,27.8200,28.0700,26.3800,26.6900,9672700
2005-09-30,27.8200,27.9600,27.1600,27.8100,8895300
2005-09-23,27.5900,28.4700,27.2100,27.6900,13658300
2005-09-16,28.0700,28.2800,27.6700,27.8200,17916500
2005-09-09,27.0100,28.0200,26.9400,27.9600,11535400
2005-09-02,26.4100,27.4000,26.0400,26.8400,9153300
2005-08-26,26.8800,27.0000,26.1000,26.4100,7320200
2005-08-19,26.8500,27.1500,26.5300,26.8800,6897600
2005-08-12,27.1800,27.3700,26.6500,26.9200,7429400
2005-08-05,27.4800,27.8200,27.1300,27.1700,13735000
2005-07-29,29.2300,29.4200,26.6400,27.4500,20280700
2005-07-22,28.9500,29.5900,28.4700,29.2300,8110500
2005-07-15,28.2000,29.2000,28.1800,29.0700,8803000
2005-07-08,27.3700,28.2600,27.3500,28.1600,6990400
2005-07-01,27.5800,28.2000,27.0700,27.3600,11689800
2005-06-24,27.4200,28.2000,27.2900,27.5800,9497700
2005-06-17,26.9000,27.7700,26.8500,27.4200,12707600
2005-06-10,26.9200,27.1300,26.7700,26.9400,16276600
2005-06-03,27.3000,27.5000,26.8300,27.0000,9149600
2005-05-27,28.9300,29.4700,27.1800,27.3000,17615900
2005-05-20,27.8100,29.1800,27.5500,28.9800,11910700
2005-05-13,27.9200,28.2200,27.4000,27.8000,11258300
2005-05-06,26.9400,28.0400,26.7600,27.8200,10468200
2005-04-29,27.2100,27.6500,26.5500,26.9000,13035200
2005-04-22,27.2000,27.6000,26.8600,27.0700,17683800
2005-04-15,27.3700,28.3000,27.0200,27.2000,21047700
2005-04-08,27.2500,27.9000,27.1000,27.3600,10135400
2005-04-01,27.2400,27.6000,26.8200,27.2600,13715600
2005-03-24,27.6500,27.9200,27.0200,27.0700,8524000
2005-03-18,28.0200,28.2200,27.2300,27.6900,16730600
2005-03-11,27.7000,28.3000,27.3600,27.8500,15309100
2005-03-04,26.8400,27.7600,26.8100,27.7200,13494100
2005-02-25,26.5500,27.1400,26.4300,26.9500,15787400
2005-02-18,26.6800,27.0800,26.2500,26.7700,24451000
2005-02-11,27.8500,28.0600,26.6000,26.7500,17937100
2005-02-04,26.6700,28.2300,26.5600,27.8400,24305800
2005-01-28,28.1300,28.4800,26.3600,26.4200,28520600
2005-01-21,28.0000,28.5300,27.6200,28.1200,12312400
2005-01-14,28.5000,28.5700,27.5700,28.0000,17080300
2005-01-07,31.0600,31.3500,28.3900,28.5300,21241800
2004-12-31,31.1200,31.2500,30.6800,31.0600,6434400
2004-12-23,30.2500,31.2000,30.1000,31.0800,8015400
2004-12-17,30.9700,31.3800,30.0300,30.1700,12208900
2004-12-10,31.4900,31.7100,30.1000,30.8800,13718000
2004-12-03,30.6200,31.6400,30.0300,31.5100,11322100
2004-11-26,29.4300,30.7800,29.2600,30.6200,7160700
2004-11-19,29.7000,30.4800,29.5400,29.8600,14830400
2004-11-12,28.7700,29.7100,28.6800,29.7000,9110600
2004-11-05,27.9000,28.8800,27.6100,28.7100,10978600
2004-10-29,26.6400,28.0000,26.6400,27.7100,14479000
2004-10-22,26.0200,27.6000,25.9080,26.7400,12677300
2004-10-15,26.7400,26.9600,25.9600,26.0300,8461100
2004-10-08,27.2500,28.1900,26.4900,26.5400,12288700
2004-10-01,27.0600,27.2800,25.9700,27.1800,19302700
2004-09-24,25.5000,27.3500,25.3000,27.0600,20092200
2004-09-17,25.0500,25.7300,24.8800,25.7000,9354600
2004-09-10,24.2500,25.1800,23.8400,25.0900,9344600
2004-09-03,24.5100,24.7500,23.7800,24.0800,10545000
2004-08-27,23.7300,24.5788,23.6200,24.5100,11133600
2004-08-20,23.0000,24.1400,23.0000,23.8500,14130600
2004-08-13,23.8400,23.9300,22.3700,23.0000,16157600
2004-08-06,25.1500,25.1500,23.7300,23.7600,14670400
2004-07-30,24.5200,25.3500,24.1700,25.2400,12171000
2004-07-23,24.6800,25.2100,23.8400,24.5200,20717200
2004-07-16,25.5000,25.8200,24.6300,24.6300,13511200
2004-07-09,26.8500,26.8600,23.9800,25.8100,34019600
2004-07-02,26.8000,28.1700,26.8000,27.2200,17456700
2004-06-25,27.2300,27.3600,26.5800,26.7300,13689300
2004-06-18,27.7900,27.8200,26.8400,27.0500,18006000
2004-06-10,27.4400,28.0000,27.3700,27.8200,18357800
2004-06-04,26.9600,27.4000,26.0000,27.1700,15663400
2004-05-28,25.7700,28.1500,25.2300,27.0600,27384900
2004-05-21,25.8000,26.6700,25.0200,25.7600,22889000
2004-05-14,26.2900,27.1300,25.5400,26.0900,16502900
2004-05-07,26.8100,27.9800,26.2500,26.3000,18735200
2004-04-30,28.4200,29.3600,26.7100,26.8100,24188600
2004-04-23,26.3300,28.4800,25.5000,28.4200,28151000
2004-04-16,27.2500,27.5000,25.9200,26.3300,14496800
2004-04-08,28.3500,28.3500,27.4100,27.7700,9357600
2004-04-02,26.8000,28.3800,26.4200,28.3500,15351300
2004-03-26,26.0200,26.9800,25.3000,26.7500,17389300
2004-03-19,26.2500,26.5100,24.9900,26.0100,13918800
2004-03-12,26.8000,27.6500,25.6500,26.4600,18388400
2004-03-05,26.6500,27.2300,26.2800,26.8400,9778200
2004-02-27,26.8500,26.9300,25.7500,26.5600,11630200
2004-02-20,27.6300,28.0000,26.2300,26.8500,9998100
2004-02-13,26.5900,27.6700,26.2300,27.3000,9390200
2004-02-06,26.1400,26.6300,25.6000,26.5900,12661800
2004-01-30,27.2500,27.3000,25.4500,26.1400,18390800
2004-01-23,28.4600,29.3000,26.1700,27.3000,23880600
2004-01-16,27.4000,28.9500,27.3400,28.4600,24346800
2004-01-09,27.4700,29.5900,27.4300,28.1200,18897100
2004-01-02,27.2000,28.0200,27.0100,27.0900,10047500
2003-12-26,25.0200,27.2900,24.9700,27.2200,10377700
2003-12-19,24.4100,25.2000,23.5100,25.0500,14233900
2003-12-12,23.2700,24.3100,22.9500,24.2300,12736100
2003-12-05,23.6000,24.0100,23.2000,23.3400,26874500
2003-11-28,22.7800,23.3500,22.3500,23.3000,9936500
2003-11-21,22.7600,22.9600,22.1000,22.5500,14438700
2003-11-14,23.2600,23.3800,22.8100,22.8600,11164700
2003-11-07,23.4800,24.1000,23.2200,23.3000,15720100
2003-10-31,23.0000,24.1500,22.3000,23.5200,15374100
2003-10-24,24.9000,25.5000,21.7000,23.0000,29996400
2003-10-17,24.0700,25.1400,24.0700,24.8100,35994000
2003-10-10,26.9500,29.2900,22.9900,23.5000,66712900
2003-10-03,26.0000,27.3300,25.9400,26.9600,17701500
2003-09-26,27.0500,27.5000,25.7500,25.8000,12783700
2003-09-19,26.2300,27.5800,26.1800,27.2900,16185300
2003-09-12,26.9500,27.4700,25.7000,25.9500,16196100
2003-09-05,25.8000,27.2300,25.4600,26.8300,15641300
2003-08-29,24.8200,25.7000,24.1500,25.6300,12858500
2003-08-22,24.3200,25.5300,24.1500,25.0000,13043700
2003-08-15,24.2500,24.7500,24.0100,24.3800,9942200
2003-08-08,25.0000,25.1000,23.2700,24.1700,20047700
2003-08-01,25.6800,25.8700,24.9300,25.0000,15415200
2003-07-25,22.7000,26.1000,22.0800,25.4500,28554600
2003-07-18,23.8100,24.4900,22.5000,22.7000,17336300
2003-07-11,22.6000,23.6800,22.6000,23.5200,14420100
2003-07-03,22.6300,22.9000,21.5800,22.4000,13173900
2003-06-27,23.1500,23.3000,22.1500,22.3400,11681000
2003-06-20,23.1500,23.8300,22.7100,23.1400,18957000
2003-06-13,23.9000,24.0400,22.7200,23.2000,12737200
2003-06-06,21.7700,24.5500,21.3000,24.0400,18595400
2003-05-30,21.5000,21.7500,20.8000,21.6700,14975000
2003-05-23,19.8500,22.0100,19.4300,21.5000,23101700
2003-05-16,17.0000,21.7900,16.8200,19.9800,32896700
2003-05-09,17.2000,17.5700,16.5100,17.0500,16659700
2003-05-02,15.2000,17.3300,15.2000,17.2200,17888600
2003-04-25,14.7500,15.6500,13.7800,15.1600,14720400
2003-04-17,13.6100,14.9000,13.6100,14.7800,9829100
2003-04-11,14.2700,14.5800,13.3200,13.6200,18239900
2003-04-04,13.5400,15.0200,13.4700,13.9900,19026000
2003-03-28,14.6200,14.6200,13.7000,13.8300,12211600
2003-03-21,14.2400,15.0500,14.1800,14.6200,13567000
2003-03-14,13.5200,14.5200,13.2100,14.2400,19208700
2003-03-07,13.4400,13.9000,13.1900,13.7000,12734300
2003-02-28,13.9200,13.9700,12.8000,13.3500,14345600
2003-02-21,13.0200,13.9700,13.0100,13.9000,8179700
2003-02-14,13.1300,13.4600,12.3900,12.9900,13617100
2003-02-07,13.3700,13.9500,12.7400,13.1300,11543800
2003-01-31,14.4700,14.7900,13.1000,13.3700,13029900
2003-01-24,14.9800,15.1100,13.4000,14.5300,25214500
2003-01-17,15.6500,16.0000,14.6800,14.9800,19314500
2003-01-10,13.8800,15.5800,13.8400,15.4500,22718500
2003-01-03,13.2000,14.0500,13.0600,14.0000,9535300
2002-12-27,12.9000,13.7900,12.9000,13.1800,5605700
2002-12-20,13.4400,13.9000,12.8100,13.1000,11244600
2002-12-13,13.4500,13.9800,12.2000,13.1800,29709800
2002-12-06,15.4800,16.8600,13.5600,13.6600,31846000
2002-11-29,14.8300,15.4700,13.1000,15.1100,14713600
2002-11-22,15.4000,15.9800,14.6300,14.8200,22602500
2002-11-15,14.7500,15.4900,13.8500,15.1200,10888600
2002-11-08,15.1600,16.1100,14.6000,15.0100,16648300
2002-11-01,15.0500,15.3200,13.9700,15.0800,15564200
2002-10-25,12.2800,14.8900,11.7500,14.8700,29419600
2002-10-18,10.6200,12.5700,10.5000,12.4000,16333600
2002-10-11,9.2000,11.5800,8.6500,10.6100,15975500
2002-10-04,9.7000,10.5000,8.9600,9.2000,12651800
2002-09-27,9.4500,10.5100,8.8300,9.7000,17650900
2002-09-20,11.0000,11.4700,9.3500,9.8400,17050900
2002-09-13,11.1100,12.3700,10.8500,11.0900,11610800
2002-09-06,11.1000,11.2500,10.2500,11.1100,7555300
2002-08-30,12.1400,12.3600,10.6900,11.2000,9932900
2002-08-23,10.4500,12.9800,10.3200,12.0500,15987000
2002-08-16,9.2600,10.5800,9.0000,10.3300,15577900
2002-08-09,8.9000,9.7800,8.2300,9.2500,19041100
2002-08-02,8.5000,10.1900,8.2100,9.0000,29258800
2002-07-26,10.2000,10.6700,7.4700,8.1000,56056400
2002-07-19,12.9500,14.1500,10.1000,10.2500,25541200
2002-07-12,15.4700,15.9000,12.8000,13.5600,18303400
2002-07-05,15.9600,16.2200,13.6900,15.3900,11963000
2002-06-28,15.5000,16.4900,14.8300,15.8900,18433600
2002-06-21,17.3000,17.9400,14.9800,15.6200,20235200
2002-06-14,17.0100,17.8200,16.2500,17.0800,14115400
2002-06-07,17.2600,17.3000,16.3300,17.1100,15602800
2002-05-31,17.6500,17.8900,17.0000,17.3600,9392100
2002-05-24,17.3700,18.2100,16.5200,17.5500,19467800
2002-05-17,17.4100,19.1000,17.0400,17.5600,24525800
2002-05-10,17.9000,18.7400,16.9000,17.4000,17884600
2002-05-03,17.8000,18.9500,17.3100,18.0100,16532900
2002-04-26,18.5500,19.7000,17.9000,18.0000,21171100
2002-04-19,20.2500,20.8400,18.2400,19.1100,38366700
2002-04-12,19.9000,22.0000,19.6200,21.1800,28993700
2002-04-05,21.3800,21.3800,19.3500,19.9000,26426500
2002-03-28,20.2500,22.0500,20.0200,21.8900,18907600
2002-03-22,18.5500,22.0900,18.5500,20.4900,38741300
2002-03-15,19.2000,20.1000,17.7900,18.5000,49749300
2002-03-08,16.7000,18.9500,16.0500,18.6500,39698300
2002-03-01,16.0000,18.3000,14.3000,16.9000,52024100
2002-02-22,27.1100,27.8600,14.7500,15.9900,89067000
2002-02-15,28.0000,29.6000,26.3800,27.0600,16978400
2002-02-08,34.0200,34.0300,24.9600,27.7500,44680300
2002-02-01,38.5000,38.5000,30.7500,34.2800,24317400
2002-01-25,36.2500,38.7400,34.5200,37.3300,13710200
2002-01-18,36.7900,37.2500,35.4000,35.9800,10910500
2002-01-11,36.2900,38.4000,35.5400,36.7900,18740800
2002-01-04,34.6000,36.9500,33.2800,35.8700,9049300
2001-12-28,34.1500,34.8000,33.3500,34.6700,4650100
2001-12-21,35.2500,36.9700,33.7000,33.7000,11766000
2001-12-14,34.0500,35.8800,33.5500,35.3600,11410700
2001-12-07,33.2500,35.3100,32.1600,34.1400,17532500
2001-11-30,30.4800,34.5800,30.3600,33.2700,17867600
2001-11-23,30.3000,30.8000,29.8100,30.4800,8395200
2001-11-16,28.6000,30.7500,27.7700,30.1500,13816500
2001-11-09,31.7000,31.7500,27.8000,28.2300,18028900
2001-11-02,32.6000,32.8000,30.0100,31.0200,11984400
2001-10-26,29.7000,33.8500,29.6000,33.0200,15193000
2001-10-19,28.5000,31.2000,27.2500,29.9400,11838600
2001-10-12,28.5300,29.9900,27.1000,28.9600,10649000
2001-10-05,25.5000,28.3500,12.9200,28.2800,12966700
2001-09-28,23.0000,26.0000,22.9100,25.7400,13562700
2001-09-21,26.5000,26.7500,22.3700,22.7000,18048600
2001-09-10,26.3000,27.6000,26.2000,27.6000,2945600
2001-09-07,30.9500,31.8500,26.9700,27.0200,11936500
2001-08-31,33.9000,34.1000,30.0000,31.0500,7806200
2001-08-24,33.3000,33.8900,31.4900,33.5000,6745500
2001-08-17,33.4000,34.4000,32.5500,33.2100,6899100
2001-08-10,35.8000,35.8100,32.1500,33.8300,6297800
2001-08-03,35.2000,36.2800,33.9100,35.9900,7493000
2001-07-27,33.6700,35.3500,32.5600,34.7600,12183400
2001-07-20,33.7000,35.0900,31.0000,33.5200,10393700
2001-07-13,32.0700,33.7500,30.0800,33.7500,12028000
2001-07-06,35.2500,35.5000,31.9100,32.0200,7838200
2001-06-29,32.3000,36.0000,31.3500,36.0000,12393400
2001-06-22,32.5600,35.3000,31.7500,31.8500,16016000
2001-06-15,33.2700,33.5200,30.7600,32.5000,14166700
2001-06-08,30.5000,34.1000,30.3100,33.5200,10625600
2001-06-01,31.0000,31.0300,27.8900,30.1400,11605200
2001-05-25,30.0100,32.7600,29.7500,30.9000,13109800
2001-05-18,27.5000,30.6500,27.2500,30.0000,12584500
2001-05-11,29.1500,29.5000,27.3400,27.5200,21145300
2001-05-04,31.5000,32.5000,28.9800,30.7000,33608200
2001-04-27,36.0000,36.4900,33.3500,35.2500,14403900
2001-04-20,30.0500,38.2000,29.1000,37.1900,22994800
2001-04-12,28.4500,32.0000,27.9000,29.8200,10320800
2001-04-06,27.0000,29.0000,25.0600,28.2000,13904400
2001-03-30,26.9000,27.9000,25.1000,27.2000,13274400
2001-03-23,24.5500,28.1000,24.5100,26.6000,18923400
2001-03-16,26.5200,27.8000,23.7800,24.4000,19029600
2001-03-09,29.6500,30.3000,26.0000,26.5200,19208800
2001-03-02,32.3600,33.9100,28.0000,29.6500,15296700
2001-02-23,35.2000,35.6200,30.3000,32.1900,10402200
2001-02-16,34.7500,38.1000,33.1200,35.9000,12994200
2001-02-09,33.6000,36.6000,33.0100,34.9000,14324800
2001-02-02,34.4000,39.0300,33.8800,34.1000,16943300
2001-01-26,33.1300,35.7500,31.7500,34.1900,20788900
2001-01-19,27.7500,34.6300,26.6300,33.6900,24237400
2001-01-12,23.8800,29.2500,23.1900,27.7500,16888600
2001-01-05,19.5600,26.7500,18.3100,23.4400,19338600
2000-12-29,19.8100,20.6300,18.1900,19.5000,16920300
2000-12-22,24.5000,24.8800,18.1300,19.6900,31116900
2000-12-15,27.0000,28.2500,24.0000,24.2500,12293200
2000-12-08,26.8100,28.8800,25.8800,26.7500,8706900
2000-12-01,29.1900,29.1900,24.8100,27.0000,8857400
2000-11-24,30.0000,30.0600,27.0600,28.6900,5738500
2000-11-17,30.1900,31.1900,28.9400,30.1300,8211300
2000-11-10,32.4400,32.7500,30.5000,30.8100,9111900
2000-11-03,30.6300,33.6300,30.5600,32.2500,14620500
2000-10-27,26.3100,31.3100,25.2500,31.1300,28872200
2000-10-20,26.0000,26.9400,23.8800,26.3800,11557800
2000-10-13,27.2500,27.6900,25.0600,25.9400,12005000
2000-10-06,25.3100,28.5000,23.6300,27.0000,26561500
2000-09-29,26.3100,27.1300,24.8800,25.3100,21337100
2000-09-22,27.6900,28.3800,24.7500,26.5000,14786200
2000-09-15,30.0000,30.6900,26.5000,28.4400,26448300
2000-09-08,32.0600,33.0000,31.2500,31.7500,9250900
2000-09-01,29.7500,34.2500,29.3800,32.0000,22373300
2000-08-25,29.6900,31.4400,28.8100,28.9400,16838200
2000-08-18,25.0000,28.9400,24.8800,28.4400,20086600
2000-08-11,26.4400,27.4400,24.6900,24.8800,27154000
2000-08-04,25.3100,27.1300,23.6900,26.9400,21961500
2000-07-28,26.9400,27.0000,24.5000,24.8800,23932300
2000-07-21,29.4400,29.5600,25.0000,27.3800,27810000
2000-07-14,30.8800,31.0000,27.5000,28.8800,30901100
2000-07-07,52.1900,52.1900,28.5000,31.0000,63812500
2000-06-30,50.8800,54.4400,50.3800,51.1900,10703100
2000-06-23,55.5000,58.2500,49.8100,50.1300,14641300
2000-06-16,58.0000,58.4400,49.0000,55.4400,22105500
2000-06-09,55.7500,59.2500,52.3100,58.8800,12365800
2000-06-02,51.7500,57.5000,51.5000,57.0000,7957300
2000-05-26,49.3800,52.5600,46.1300,50.8800,11032400
2000-05-19,49.0000,55.6900,48.2500,49.4400,16834000
2000-05-12,52.0600,52.9400,42.8800,49.5000,30826500
2000-05-05,56.0600,56.8800,48.8100,53.0600,12241600
2000-04-28,50.3800,56.7500,48.0000,55.8100,12795600
2000-04-20,52.5000,53.9400,48.0000,52.0600,16987500
2000-04-14,62.4400,63.0000,50.5000,53.0000,16452800
2000-04-07,58.3800,62.6300,53.3800,61.6200,20616400
2000-03-31,66.6300,66.6300,55.7500,58.5000,19725000
2000-03-24,66.2500,68.2500,64.0000,66.5600,12194300
2000-03-17,64.3100,66.2500,61.5000,65.5600,13853000
2000-03-10,66.2500,68.0000,59.7500,66.5000,16193200
2000-03-03,65.8800,67.2500,63.6300,65.1900,12217100
2000-02-25,71.5000,71.8100,64.9400,65.8100,10374000
2000-02-18,68.0600,74.3800,66.8100,71.2500,16857900
2000-02-11,71.2500,72.5000,68.6300,69.7500,11187100
2000-02-04,68.0000,71.4400,65.5600,70.7500,11135300
2000-01-28,72.8100,79.4400,67.3100,68.7500,19711800
2000-01-21,66.1300,71.2500,63.7500,70.8100,10918300
2000-01-14,60.2500,68.7500,60.1300,65.5600,11576900
